NL-HaNA_2.01.15_1_0017.xml,Vooren
NL-HaNA_2.01.15_1_0030.xml,Charles,Vooren
NL-HaNA_2.01.15_1_0039.xml,Wilhelm,Christian,Vooren,Montanus,Mortanus
NL-HaNA_2.01.15_1_0033.xml,Montanus,Rochell,Vooren
NL-HaNA_2.01.15_1_0031.xml,Charles,Wouter,Vars(s)eveld,Pieter,Hendrik,Henderik,Ginsberg,Hensberg,Vooren
NL-HaNA_2.01.15_1_0029.xml,Antoon,Joseph,Groot,Vooren
NL-HaNA_2.01.15_1_0040.xml
NL-HaNA_2.01.15_1_0046.xml,Johan,Georg,Dirk,Johannes,Johan(nes),Cornelis,Groin,Rochell,Vooren
NL-HaNA_2.01.15_1_0021.xml,Christian,Johan,Groot,Mortanus,Montanus,Vooren
NL-HaNA_2.01.15_1_0003.xml
NL-HaNA_2.01.15_1_0036.xml,Vooren
NL-HaNA_2.01.15_1_0001.xml
NL-HaNA_2.01.15_1_0037.xml,Montanus,Mortanus,Rochell
NL-HaNA_2.01.15_1_0013.xml,Charles,Vooren
NL-HaNA_2.01.15_1_0015.xml,Vooren
NL-HaNA_2.01.15_1_0034.xml,Vooren
NL-HaNA_2.01.15_1_0020.xml,Pieter,Muller,Vooren,Buchner
NL-HaNA_2.01.15_1_0044.xml,Johan(nes),Johannes,Wilhelm,Rochell,Pieter,Groot,Cornelis,Jacobus,Henderik,Hendrik,Vooren
NL-HaNA_2.01.15_1_0009.xml,Charles
NL-HaNA_2.01.15_1_0019.xml,Vooren
NL-HaNA_2.01.15_1_0014.xml,Lodewijk,Christian,Buchner,Vooren
NL-HaNA_2.01.15_1_0048.xml,Jacobus,Christian,Johan,Henderik,Hendrik,Wilhelm,Cornelis,Rochell,Vooren
NL-HaNA_2.01.15_1_0049.xml,Johan,Henderik,Hendrik,Pieter,Joseph,Mortanus,Johan(nes),Johannes,Jacobus,Bruno,Montanus,Rochell,Vooren
NL-HaNA_2.01.15_1_0045.xml,Jacobus,Johan(nes),Johannes,Henderik,Hendrik,Georg,Joseph,Rochell,Montanus,Mortanus,Vooren
NL-HaNA_2.01.15_1_0023.xml,Abram,Clercq,Vooren
NL-HaNA_2.01.15_1_0025.xml,Christian,Vooren,Pieter,Rochell
NL-HaNA_2.01.15_1_0032.xml,Vooren
NL-HaNA_2.01.15_1_0005.xml,Vooren
NL-HaNA_2.01.15_1_0002.xml
NL-HaNA_2.01.15_1_0008.xml,Jacobus,Rochell,Johan,Bruno,Brunis,Groin,Vooren,Charles
NL-HaNA_2.01.15_1_0041.xml,Johan(nes),Johannes,Henderik,Hendrik,Johan,Georg,Jacobus,Vooren
NL-HaNA_2.01.15_1_0043.xml,Pieter,Cornelis,Joseph,Mestingh,Johan(nes),Johannes,Henderik,Hendrik,Rochell
NL-HaNA_2.01.15_1_0028.xml,Vooren
NL-HaNA_2.01.15_1_0016.xml,Charles,Wilhelm,Koster,Dirk,Mestingh,Vooren
NL-HaNA_2.01.15_1_0035.xml,Pieter,Montanus,Mortanus,Rochell,Vooren,Johan,Georg
NL-HaNA_2.01.15_1_0012.xml,Charles,Johan,Georg,Ginsberg,Hensberg,Cornelis,Trissart,Vooren
NL-HaNA_2.01.15_1_0047.xml,Ginsberg,Pieter,Henderik,Hendrik,Johan(nes),Johannes,Rochell,Vooren
NL-HaNA_2.01.15_1_0022.xml,Vooren
NL-HaNA_2.01.15_1_0010.xml,Charles,Dirk,Gussenklo,Vooren
NL-HaNA_2.01.15_1_0026.xml,Vooren
NL-HaNA_2.01.15_1_0011.xml,Vooren
NL-HaNA_2.01.15_1_0004.xml
NL-HaNA_2.01.15_1_0042.xml,Johan(nes),Johannes,Jacobus,Poulis,Groot,Vooren
NL-HaNA_2.01.15_1_0007.xml,Vooren
NL-HaNA_2.01.15_1_0024.xml,Vooren
NL-HaNA_2.01.15_1_0038.xml,Vooren
NL-HaNA_2.01.15_1_0006.xml,Antonie,Antonius,Montanus,Mortanus,Vooren
NL-HaNA_2.01.15_1_0027.xml,Johan,Christian,Vooren
NL-HaNA_2.01.15_1_0018.xml,Jacobus,Rathsman,Donker,Poulis,Cornelis,Vooren,Const.,Carl,Buchner,Hendrik,Montanus,Mortanus
NL-HaNA_2.01.15_1_0083.xml,Charles,Stitherland,Sutherland,Hermanus,Frederik,Wolters,Pieter,Pieters,Peter,Teerens,Philip,Stoel,Jacob,Jacobus,Bruk,Bruck,Maarten,Klauwer,Blauw,Scheepens,Schempf,Lange,Casper
NL-HaNA_2.01.15_1_0090.xml,Lange,Langen,Toorens
NL-HaNA_2.01.15_1_0051.xml,Johan,Georg,George,Herbel,Johan(nes),Johannes,Johannis,Kappe,Arie,Haarlem,Casper,Kurpers,Andreas,Andries,Corvel,Teunis,Theunis,Klauwer,Philip(pus),Philippus,Henderik,Henderiks,Hendrik,Hend(e)rik,Blauw,Bekker,Brouwer,Maarten,Stoel,Houten,Langen,Lange,Toorens,Wegener
NL-HaNA_2.01.15_1_0050.xml,Nicolas,Nicolaas,Vroone,Johan(nes),Johannis,Johannes,Koch,Henderik,Hendrik,Henderiks,Hend(e)rik,Geebel,Casper,Stok,Michiel,Michel,Roets,David,Zoomerveld,Zomerveld,Somerveld,Jacob,Sterreveld,Johan,Klauwer,Langen,Lange,Brouwer,Blauw,Brink,Klein,Zanten,Jansen,Jacobus,Bruck,Krieger,Mallon
NL-HaNA_2.01.15_1_0073.xml,Henderik,Hendrik,Henderiks,Hend(e)rik,Straaten,Maarten,Veen,Hubertus,Groin,Lange,Klauwer,Rochell,Vermeer,Johan(nes),Johannis,Johannes,Marinus,Manus,Arck,Brandenburg,Jacob(us),Jacobus,Daniel,Daniels,Basset,Gerrit,Gerret,Willem,Willems,Pieter,Pieters,Peter,Hosseling,Zonsbeek,Jacob,Ginsberg,Ginsbergen,Langen,Toorens
NL-HaNA_2.01.15_1_0095.xml,Hermanus,Schaub,Jacobus,Jacob(us),Dirk,Maarten,Haarlem,Blauw,Klein,Klauwer,Meeles,Langen,Lange,Toorens
NL-HaNA_2.01.15_1_0071.xml,Johan(nes),Johannis,Johannes,Pieter,Pieters,Peter,Gerstel,Kersten,Arnoldus,Krafft,Frederik,Wolters,Christoffel,Helsdingen,Henderik,Hendrik,Henderiks,Hend(e)rik,Stukkers,Christian,Christiaan,Christieaan,Bartelet,Veen,Jacobus,Jacob,Kelder,Maarten,Martens,Martin,Lange,Wegener,Langen
NL-HaNA_2.01.15_1_0085.xml,Johan,Christian,Christiaan,Christieaan,Maarten,Toorens
NL-HaNA_2.01.15_1_0091.xml,Johan(nes),Johannis,Johannes,Jacobus,Jacob,Touzijn,Martens,Witt,Langen,Lange,Klauwer,Blauw,Brouwer,Toorens
NL-HaNA_2.01.15_1_0069.xml,Langen,Lange,Toorens
NL-HaNA_2.01.15_1_0089.xml,Johan(nes),Johannis,Johannes,Lange,Maarten,Langen,Klauwer,Toorens
NL-HaNA_2.01.15_1_0081.xml,Gerrit,Gerret,Antonie,Anthony,Tijssen,Tijken,Georg,George,Johan(nes),Johannis,Johannes,Christian,Christiaan,Christieaan,Dennenberg,Martinus,Marinus,Martens,Reizen,Dirk,Haarlem,Klauwer,Maarten,Geert,Blauw,Lange,Johan,Gerardus,Gerar,Pelser
NL-HaNA_2.01.15_1_0082.xml,Pieter,Pieters,Peter,Lange,Wilhelm,Willem,Willems,Gerrit,Gerret,Christoffel,Maasland,Klauwer,Maarten,Blauw,Toorens,Roosen,Johan(nes),Johannis,Johannes,Henderik,Hendrik,Henderiks,Hend(e)rik,Jansen,Krafft,Markus,Marinus,Elshout
NL-HaNA_2.01.15_1_0052.xml,Bernardus,Gerardus,Menting,Mentink,Pieter,Pieters,Peter,Aardenborg,Zamuel,Samuel,Jacobus,Jacob(us),Chaque,Henderik,Hendrik,Henderiks,Hend(e)rik,Natekamp,Notekam,Barend,Edme,Besanger,Coenraad,Hartman,Hageman,Martinus,Martens,Marinus,Emmerich,Joseph,Klauwer,Klein,Blauw,Langen,Lange
NL-HaNA_2.01.15_1_0056.xml,Martinus,Marinus,Vermeulen,Maarten,Gerstel,Kersten,Toorens,Anders
NL-HaNA_2.01.15_1_0084.xml
NL-HaNA_2.01.15_1_0062.xml,Martinus,Martens,Marinus,Ellrath,Lange,Wegener,Langen,Klauwer,Klein,Toorens,Houten
NL-HaNA_2.01.15_1_0064.xml,Teunis,Theunis,Vogel,Johan(nes),Johannis,Johannes,Boom,Martinus,Marinus,Martens,Voogel,Langen,Lange,Klauwer,Blauw,Brouwer,Lourens,Gerar,Krafft,Toorens
NL-HaNA_2.01.15_1_0075.xml,Joseph,Fouzijn,Touzijn,Matthijs,Mathias,Bacheim,Christian,Christiaan,Christieaan,Agiles,Haus,Wijnand,Draaff,Teunis,Theunis,Klein,Gerrit,Gerret,Overbeek,Georg,George,Schradin,Izaac,Schutterhoeff,Langen,Lange,Toorens,Wegener,Klauwer,Bekker,Kurpers,Brouwer
NL-HaNA_2.01.15_1_0097.xml,Johan,Adam,Schaub,Wouter,Wolters,Willem,Willems,Joseph,Marinus,Gerrit,Gerret,Wolff,Pieter,Pieters,Peter,Elbert,Evert,Maarten,Menting,Mentink,Lange,Langen,Toorens
NL-HaNA_2.01.15_1_0066.xml,Johan,Joseph,Henkel,Martinus,Martens,Marinus,Lange,Kunst,Groot,Klauwer,Langen
NL-HaNA_2.01.15_1_0070.xml,Joost,Deusing,Roerman,Henderik,Hendrik,Henderiks,Hend(e)rik,Nicodennits,Nicodemus,Maarten,Johan(nes),Johannis,Johannes,Goerel,Michiel,Michel,Abraham,Helm,Machielsen,Antonius,Antonie,Langen,Lange,Toorens,Smaal,Klauwer,Weyndrig,Bruck,Wegener
NL-HaNA_2.01.15_1_0067.xml,Lange,Kunst,Langen
NL-HaNA_2.01.15_1_0077.xml,Gijsbert,Neederlof,Matthijs,Mathias,Brink,Gerrit,Gerret,Broosdij,Cornelis,Cornelus,Corneelis,Verhoorn,Johan,Antoon,Anthon,Anthony,Jordan,Michiel,Machielsen,Joost,Deusing,Henderik,Hendrik,Henderiks,Hend(e)rik,Nicodemus,Hohlman,Roerman,Maarten,Blauw,Klauwer,Bekker,Weyndrig,Brouwer,Lange,Langen,Toorens
NL-HaNA_2.01.15_1_0055.xml
NL-HaNA_2.01.15_1_0093.xml,Pieter,Pieters,Peter,Witt,Klauwer,Toorens,Langen,Lange
NL-HaNA_2.01.15_1_0087.xml,Johan,Henderik,Hendrik,Henderiks,Hend(e)rik,Toorens
NL-HaNA_2.01.15_1_0059.xml,Toorens
NL-HaNA_2.01.15_1_0057.xml,Toorens
NL-HaNA_2.01.15_1_0078.xml,Adam,Antoon,Anthon,Anthony,Langen,Lange,Johan(nes),Johannis,Johannes,Goerel,Cala,Mischa,Francis,Samuel,Zamuel,Jansen,Henderik,Hendrik,Henderiks,Hend(e)rik,Dansom,Andris,Andreas,Andries,Bessenbacher,Isak,Christian,Christiaan,Christieaan,Wegener,Maarten,Mallon,Brouwer,Klauwer,Smaal,Blauw
NL-HaNA_2.01.15_1_0099.xml,Cornelis,Cornelus,Corneelis,Henderik,Hendrik,Henderiks,Hend(e)rik,Willem,Willems,Andreas,Antonie,Gerrit,Gerret,Leendert,Klein,Maarten,Lent,Lange,Langen,Klauwer,Toorens
NL-HaNA_2.01.15_1_0068.xml,Gerrit,Gerret,Georg,George,Mallon,Leendert,Casper,Frederik,Muller,Henderik,Hendrik,Henderiks,Hend(e)rik,Lodewijk,Maarten,Hartman,Ortman,Lange,Langen,Toorens,Menting,Klein,Blauw,Klauwer
NL-HaNA_2.01.15_1_0074.xml,Pieter,Pieters,Peter,Daniel,Daniels,Coenraad,Labrand,Christian,Christiaan,Christieaan,Verhoeff,Frantz,Smaal,Heerenkrauwer,Martens,Maarten,Wijk,Andris,Andries,Andreas,Abbt,Bart,Bekker,Oudheusden,Gerrit,Klauwer,Langen,Lange,Mentink,Menting,Toorens
NL-HaNA_2.01.15_1_0079.xml,Johan(nes),Johannis,Johannes,Jansen,Nicolas,Nicolaas,Mehagnoul,Leendert,Tijssen,Dirk,Antonie,Anders,Andreas,Henderik,Hendrik,Henderiks,Hend(e)rik,Zoomerveld,Zomerveld,Somerveld,Klauwer,Klein,Blauw,Langen,Lange,Toorens,Jacobus,Jacob(us),Daniel,Daniels,Passet,Basset
NL-HaNA_2.01.15_1_0060.xml,Johan,Adam,Henderik,Hendrik,Henderiks,Hend(e)rik,Lourens,Toorens,Gervais,Maarten
NL-HaNA_2.01.15_1_0072.xml,Kunst,Christoffel,Maasland,Christian,Christiaan,Christieaan,Hulsman,Blauw,Willem,Willems,Gelderen,Sent,Jacobus,Jacob(us),Verhoorn,Verhoeff,Elbert,Bosheyden,Zander,Steenbeek,Klauwer,Lange,Langen,Toorens
NL-HaNA_2.01.15_1_0076.xml,Martinus,Martin,Martens,Maarten,Engel,Henderik,Hendrik,Henderiks,Hend(e)rik,Christian,Christiaan,Christieaan,Wegener,Jacobus,Jacob,Hartman,Hageman,Johan(nes),Johannis,Johannes,Geertener,Coenraad,Krafft,Adrianus,Blauw,Hensberg,Ginsbergen,Ginsberg,Gijsbert,Klauwer,Klein,Lange,Langen,Helsdingen,Evert,Labrand,Toorens
NL-HaNA_2.01.15_1_0080.xml,Willem,Willems,Henderik,Hendrik,Henderiks,Hend(e)rik,Bender,Pieter,Pieters,Peter,Westenbroek,Jacobus,Jacob(us),Jansen,Cornelis,Cornelus,Corneelis,Hoofd,Meer,Joseph,Broek,Maarten,Klauwer,Blauw,Lange
NL-HaNA_2.01.15_1_0096.xml,Lange,Langen,Toorens
NL-HaNA_2.01.15_1_0063.xml,Lange,Kunst,Langen
NL-HaNA_2.01.15_1_0065.xml,Lange,Langen
NL-HaNA_2.01.15_1_0092.xml,Langen,Lange,Toorens
NL-HaNA_2.01.15_1_0054.xml,Markus,Marinus,Elshout,Johan,Hartman,Hageman,Comseé,Kramer,Jacobus,Jacob(us),Gerrit,Gerret,Blom,Bernardus,Gerardus,Brouwer,Godlieb,Krausli(e)ch,Hermanus,Schaub,Maarten,Klauwer,Blauw,Klein,Lange,Nicolas,Nicolaas,Johan(nes),Johannis,Johannes,Langen
NL-HaNA_2.01.15_1_0053.xml,Kaverius,Xaverius,Hubner,Maarten,Willem,Willems,Bommenaar,Johan,Adam,Gras,Henderik,Hendrik,Henderiks,Hend(e)rik,Zoomerveld,Zomerveld,Somerveld,Cornelis,Cornelus,Corneelis,Blok,Gerrit,Gerret,Zanten,Langen,Wiendrich,Teunis,Theunis,Klauwer,Blauw,Klein,Broek
NL-HaNA_2.01.15_1_0094.xml,Lange,Langen,Toorens
NL-HaNA_2.01.15_1_0058.xml,Georg,George,Stitherland,Toorens,Anders,Maarten
NL-HaNA_2.01.15_1_0098.xml,Willem,Willems,Antonie,Antoon,Anthon,Anthony,Jacobus,Jacob(us),Henderik,Hendrik,Henderiks,Hend(e)rik,Johan(nes),Johannis,Johannes,Maarten,Lange,Langen,Toorens
NL-HaNA_2.01.15_1_0061.xml,Toorens,Anders
NL-HaNA_2.01.15_1_0088.xml,Toorens,Anders
NL-HaNA_2.01.15_1_0086.xml,Toorens
NL-HaNA_2.01.15_1_0119.xml,Lange,Langen,Fange
NL-HaNA_2.01.15_1_0118.xml,Charles,Nicolas,Nicolaas,Disseldorp,Blonk,Klauwer,Maarten,Doore
NL-HaNA_2.01.15_1_0145.xml,Charles,Johan,Joost,Georg,George,Gijsbert,Ginsbergen,Ginsberg,Johan(nes),Johannis,Johannes,Joseph(us),Krafft,Geert,Arnoldus
NL-HaNA_2.01.15_1_0103.xml,Borchward,Johan(nes),Johannis,Johannes,Oostveen,Francis,Frans,Corvel,Miesen,Bekker,Bruyn,Witt,Bongers,Roode,Vermeer,Groef,Klein,Philip,Pieter,Pieters,Peter,Peeters,Roerman,Herman,German,Bernardus,Gerardus,Both,Ludwich,Pijmener,Gerrit,Gerret,Antoon,Anthon,Anthony,Antoony
NL-HaNA_2.01.15_1_0114.xml,Antonie,Wolk,Sanders,Harme
NL-HaNA_2.01.15_1_0133.xml,Dirk,Oevering,Jacob,Weymar,Henderik,Hendrik,Henderiks,Hend(e)rik,Heedrik,Hartman,Zantman,Fransiekus,Tijssen,Miesen,Norwich,Lodovicus,Lakroa,Adam,Engelhard,Johan,Hageman,Comseé,Grieken,Brouwer,Blauw,Fange,Bruyn,Blonk
NL-HaNA_2.01.15_1_0128.xml,Leendert,Leenderd,Kunst,Thoor,Thoon,Jansen,Janse,Hansen,Hendericus,Pieter,Peter,Peeters,Manis,Schmit,Franscois,Allée,Willem,Willems,Grobbers,Jacobus,Jacob,Thomas,Priejé,Gerpen,Fange,Bruyn,Groef,Henderik,Hendrik,Heedrik,Heiden
NL-HaNA_2.01.15_1_0101.xml,Siemon,Simon,Groef,Gerardus,Bernardus,Dirk,Alberts,Henderik,Hendrik,Heedrik,Hendericus,Veen,Johan(nes),Johannis,Johannes,Kappe,Kappen,Gerrit,Bekkenk,Bekkink,Willem,Wijngaarde,Aard,Edele,Smaal,Weyndrig,Hubertus,Overbeek,Walter,Joost,Hartman,Zantman,Jacobus,Jacob(us),Montvoort,Roosen
NL-HaNA_2.01.15_1_0113.xml
NL-HaNA_2.01.15_1_0104.xml,Henderik,Hendrik,Heedrik,Hendericus,Antonisse,Antonie,Pieter,Peter,Peeters,Hoeven,Coenraad,Siemon,Sluiterman,Gerrit,Wolff,Wolfs,Sateler,Charles,Martens,Martin,Marten,Johan(nes),Johannis,Johannes,Schathuysen,Wegener,Arnoldus,Ruyven,Blonk,Meer,Bruyn,Roets,Steeven,Geert,Fange,Groef,Dirk,Mulst
NL-HaNA_2.01.15_1_0146.xml,Charles,Sanders
NL-HaNA_2.01.15_1_0134.xml,Henderik,Hendrik,Heedrik,Meesters,Peeters,Jacobus,Jacob,Jansen,Hansen,Willem,Johan,Joost,Bender,Pieter,Peter,Roode,Hendericus,Bruyn,Rennes,Fange
NL-HaNA_2.01.15_1_0138.xml,Bruyn,Thomas,Leendert,Leenderd,Johan,Joost,Pieter,Peter,Peeters,Willem,Manus,Manis,Dirk,Gerrit,Schempf,Gerstel,Kersten,Haarlem,Fange
NL-HaNA_2.01.15_1_0135.xml,Charles,Abram,Abraham,Daniel,Daniels,Alberti(e),Alberts,Hermanus,Brink,Johan(nes),Johannis,Johannes,Timmermans,Samuel,Zamuel,Muller,Fange,Engelander,Roode,Bruyn,Blonk
NL-HaNA_2.01.15_1_0123.xml
NL-HaNA_2.01.15_1_0124.xml,Charles,Christian,Christiaan,Christieaan,Goerel,Goebel,Johan(nes),Johannis,Johannes,Bruyn,Honsele
NL-HaNA_2.01.15_1_0131.xml,Johan,Willem,Georg,Coenraad,Henderik,Hendrik,Heedrik,Hendericus,Engelander,Pieter,Peter,Peeters,Jong,Adam,Gras,Johan(nes),Johannis,Johannes,Munster,Cornelis,Cornelus,Corneelis,Meesters,Fange,Bruyn
NL-HaNA_2.01.15_1_0106.xml,Johan(nes),Johannis,Johannes,Lambertus,Munster,Nicolas,Nicolaas,Inneme,Elbert,Egbert,Bieleveld,Joseph,Thomas,Henderik,Hendrik,Heedrik,Dansom,Bietz,Dietz,Weezendonk,Johan,Bruyn,Blonk,Fange
NL-HaNA_2.01.15_1_0105.xml,Charles,Joseph,Monaco,Cornelis,Cornelus,Corneelis,Couprie,Dirk,Hulzewijn,Janes,Sanders,Adam,Schaub,Wolters,Wouter,Willem,Galen,Gaalen,Adrianus,Mathias,Matheis,Roode,Fange,Bruyn,Blonk
NL-HaNA_2.01.15_1_0142.xml,Charles,Sanders
NL-HaNA_2.01.15_1_0148.xml,Kunst
NL-HaNA_2.01.15_1_0107.xml,Lambertus,Havenaer,Willem,Floris,Joseph,Jansen,Hansen,Evert,Evers,Beeck,Adrianus,Wagenaer,Henderik,Hendrik,Heedrik,Eyssendoorn,Steeven,Blonk,Geert,Bruyn,Gerke,Roode,Fange,Engel,Engels,Gijsbort,Ginsberg,Cornelis,Cornelus,Corneelis,Elselingen
NL-HaNA_2.01.15_1_0111.xml
NL-HaNA_2.01.15_1_0130.xml,Adrianus,Gersen,Gerpen,Amis,Hoek,Henderik,Hendrik,Hendericus,Heedrik,Norwich,Harme,Vastenhouid,Carel,David,Engels,Pieter,Peter,Peeters,Finet,Tinet,Jacobus,Jacob(us),Hardam,Cornelis,Cornelus,Corneelis,Spieringhoek,Antonie,Friens,Fange,Bruyn,Groef,Wolters
NL-HaNA_2.01.15_1_0122.xml,Frederik,Frederich,Dommel,Nicolas,Nicolaas,Engelander,Bruyn,Fange,Wijk,Wolters
NL-HaNA_2.01.15_1_0102.xml,Johan(nes),Johannis,Johannes,Kruseman,Johan,Frederik,Frederich,George,Hinck,Jacobus,Jacob,Pfeiffer,Wijdeman,Gerrit,Verschutt,Cornelis,Corne???lus,Cornelus,Corneelis,Goojer,Beek,Beeck,Francis,Frans,Vleeskens,Mulst,Barend,Timmermans,Charles,Blonk,Godfriet,Matthijs
NL-HaNA_2.01.15_1_0116.xml,Charles,Sanders,Leendert,Leenderd,Cornelis,Cornelus,Corneelis,Trissart,Johan,Georg,George,Ginsberg,Arnoldus,Johan(nes),Johannis,Johannes,Krafft
NL-HaNA_2.01.15_1_0143.xml,Charles,Carel,Frederik,Frederich
NL-HaNA_2.01.15_1_0127.xml,Antonisse,Antonie,Straaten,Straaver,Johan,Janse,Jansen,Hansen,Henderik,Hendrik,Heedrik,Hendericus,Dietz,Daniel,Bonfzeer,Poulus,Paulus,Abbelen,Alberts,Waas,Leendert,Leenderd,Vischer,Otto,Fange,Collet,Bruyn
NL-HaNA_2.01.15_1_0108.xml,Matheis,Adrianus,Starreveld,Pieter,Peter,Peeters,Hoeven,Lucas,Jacobus,Beek,Beeck,Christian,Christiaan,Breyer,Gerrit,Bekkenk,Bekkink,Jacob(us),Basset,Passet,Pusset,Willem,Helsdingen,Bruyn,Blonk,Stitzel,Fange
NL-HaNA_2.01.15_1_0147.xml,Christoffel,Johan(nes),Johannis,Johannes,Blonk
NL-HaNA_2.01.15_1_0109.xml,Charles,Pieter,Peter,Peeters,Stam,Arnoldus,Kiela,Andris,Andries,Andreas,Hendrik,Frederik,Heedrik,Willem,Scheepens,Johan(nes),Johannis,Johannes,Edele,Groenewout,Johan,Georg,George,Hinck,Cornelis,Cornelus,Corneelis,Henderik,Carel,Dirk,Barske,Blonk,Bruyn,Fange
NL-HaNA_2.01.15_1_0132.xml,Charles,Jacobus,Jacob,Siemon,Simon,Arnoldus,Jacob(us),Johan(nes),Johannis,Johannes,Wagenaer,Henderik,Hendrik,Heedrik,Christian,Christiaan,Meydel,Evert,Bruyn,Kurpers,Wolters,Peeters,Fange
NL-HaNA_2.01.15_1_0121.xml
NL-HaNA_2.01.15_1_0144.xml,Sanders
NL-HaNA_2.01.15_1_0100.xml,Johan(nes),Johannis,Johannes,Baron,Leendert,Leenderd,Blonk,Elbet,Elbert,Lammersen,Lammertsen,Christian,Christiaan,Vermeulen,Vermeeren,Ludwig,Reges,Matheis,Willem,Veen,Hartman,Heyman,Herman,German,Hermanus,Joseph,Kurth,Frederik,Frederich,Ferdinant,Habbé,Rosendaal,Alberts,Miesen,Grieken
NL-HaNA_2.01.15_1_0125.xml,Dirk,Oevering,Jacobus,Jacob,Henderik,Hendrik,Hendericus,Heedrik,Hartman,Zantman,Johan(nes),Johannis,Johannes,Fransiekus,Miesen,Meesters,Peeters,Adam,Engelhard,David,Wolfs,Wolff,Lodovicus,Lakroa,Henkel,Fange,Bruyn,Besanger,Broek
NL-HaNA_2.01.15_1_0136.xml,Charles,Francis,Frans,Pfeiffer,Henderik,Hendrik,Heedrik,Pieter,Peter,Peeters,Schreuder,Nicolas,Nicolaas,Johan(nes),Johannis,Johannes,Kramer,Raap,Touzijn,Bruyn,Blonk,Carton,Dietz,Fange,Martinus,Marinus
NL-HaNA_2.01.15_1_0129.xml,Charles,Pieter,Peter,Peeters,Carton,Roelofsen,Hendericus,Arie,Schreuder,Dirk,Grieken,Henderik,Hendrik,Heedrik,Leuwen,Popping,Fange,Bruyn
NL-HaNA_2.01.15_1_0112.xml,Johan,Adam,Eiteneuer,Sanders,Meesters
NL-HaNA_2.01.15_1_0149.xml,Charles,Joseph,Henderik,Hendrik,Heedrik,Hendericus,Bruyn,Cornelis,Cornelus,Corneelis,Johan,Coenraad,Bietz,Dietz,Houten,Fange
NL-HaNA_2.01.15_1_0110.xml,Isak,Sinje,Johan(nes),Johannis,Johannes,Rennes,Balthasar,Balthaser,Collet,Bron,Baron,Casper,Frans,Amersfoort,Henderik,Hendrik,Heedrik,Pieter,Peter,Peeters,Coenraad,Fange,Blonk
NL-HaNA_2.01.15_1_0115.xml,Sanders
NL-HaNA_2.01.15_1_0141.xml,Sanders
NL-HaNA_2.01.15_1_0126.xml,Meesters,Peeters,Johan(nes),Johannis,Johannes,Timmermans,Martinus,Francis,Frans,Gerpen,Gersen,Raap,Cornelis,Cornelus,Corneelis,Kloppenberg,Andreas,Andries,Kuss,Heuvel,Goebel,Krafft,Evers
NL-HaNA_2.01.15_1_0140.xml
NL-HaNA_2.01.15_1_0117.xml,Sanders,Harme
NL-HaNA_2.01.15_1_0139.xml,Francis,Frans,Henderik,Hendrik,Heedrik,Dirk,Fange,Bruyn,Roode
NL-HaNA_2.01.15_1_0120.xml,Adrianus,Verheull,Frederik,Frederich,Wijngertner,Johan,Georg,George,Nicolas,Nicolaas,Engelander,Hohlman,Stohlman,Philip,Kleysma,Kleys,Lourens,Fange,Bruyn,Pieter
NL-HaNA_2.01.15_1_0137.xml,Leendert,Leenderd,Kunst,Goebel,Jurien,Jurgen,Teunis,Theunis,Peter,Blonk,Zoomeren,Bruyn,Fange,Johannis,Johannes,Dirk,Grieken,Visser,Vischer
NL-HaNA_2.01.15_1_0155.xml,Pieter,Peter,Peeters,Anders,Andries,Henderik,Hendrik,Hendericus,Heedrik,Henderiks,Hendriks,Lagerwey,Dirk,Johan(nes),Johannis,Johannes,Johanis,Jacobus,Jacob(us),Lems,Diephof,Jong,Samuel,Blank,Fransciscus,Franciscus,Franchiscus,Bosch,Cornelis,Cornelus,Corneelis,Corneelus,Gouit,Kroonen,Bruyn,Langen
NL-HaNA_2.01.15_1_0165.xml,Charles,Rennes,Bruin,Bruyn,Langen,Bruno,Ronde,Jager,Jagers,Bruck,Dommel,Ruyter,Engels,Reynwaard,Brinkman,Willem,Wilhelm,Bommenaar,Lambertus,Vogel,Vogels,Verwers,Wervers,Lourens,Laurens,Sebastian,Weninger,Abraham,Glaaser,Glazer,Gallemeyer
NL-HaNA_2.01.15_1_0175.xml,Philippus,Philip(pus),Scheepens,Gerardus,Bernardus,Gerhardus,Kleys,Kleysma,Bruin,Bruyn,Blank,Langen,Doore,Gerdien
NL-HaNA_2.01.15_1_0195.xml,Cornelis,Cornelus,Chornelus,Corneelis,Corneelus,Zanten,Francis,Frans,Pieter,Peter,Peeters,Johannis,Johannes,Johanis,Everhart,Gerhard,Thomas,Bruin,Bruyn,Haar,Ronde,Kranenburg,Aardenborg,Johan,Henderik,Hendrik,Henderiks,Hendriks,Aanvanck,Jacobus,Jacob(us),Andreas,Andries,Langen,Gerdien
NL-HaNA_2.01.15_1_0171.xml,Johan(nes),Johannis,Johannes,Johanis,Speelman,Sanders,Harmen
NL-HaNA_2.01.15_1_0176.xml,Charles,Gerdien,Langen
NL-HaNA_2.01.15_1_0177.xml,Gerrit,Gerritse,Brandenburg,Kranenburg,Johan,Johanis,Henderik,Hendrik,Henderiks,Hendriks,Johan(nes),Johannis,Johannes,Stokram,Jacobus,Jacob,Arend,Burg,Boonschien,Bornschein,Geert,Mulst,Langen,Gerdien,Bruin,Bruyn,Ronde,Blank
NL-HaNA_2.01.15_1_0151.xml,Siemon,Simon,Geert,Hamming,Ouden,Bekkenk,Ronde,Vrecht,Langen,Gerdien
NL-HaNA_2.01.15_1_0192.xml,Willem,Wilhelm,Gerrit,Gerritse,Gersen,Gerhardus,Bernardus,Mentink,Menting,Blom,Stoel,Bruin,Bruyn,Ronde,Lent,Geert,Groot,Engels,Voorts,Wervers,Jochems,Langen
NL-HaNA_2.01.15_1_0190.xml,Peeters,Antonisse,Antonie,Antonius,Willem,Wilhelm,Meyer,Cornelis,Cornelus,Corneelis,Corneelus,Chornelus,Kootman,Paptist,Johan(nes),Johannis,Johannes,Johanis,Henderik,Hendrik,Henderiks,Hendriks,Gerhardus,Bernardus,Haack,Bruin,Bruyn,Bergh,Langen,Arend,Blank,Smits,Gerdien
NL-HaNA_2.01.15_1_0187.xml,Charles,Cornelis,Cornelus,Corneelis,Corneelus,Chornelus,Christian,Christiaan,Daniel,Thomas,Francis,Frans,Wolters,Teunis,Draaff,Graaff,Henderik,Hendrik,Henderiks,Hendriks,Steeven,Bergh,Arend,Blank,Linden,Bruyn,Langen,Smit,Smits,Vrecht,Gerrit,Gerritse,Dirk
NL-HaNA_2.01.15_1_0183.xml,Henderik,Hendrik,Henderiks,Hendriks,David,Janes,Janse,Jans,Gerrit,Gerritse,Dirk,Willem,Wilhelm,Kramer,Johan,Johanis,Pieter,Peter,Peeters,Bruyn,Collet,Manus,Manis,Jochems,Langen,Gerdien
NL-HaNA_2.01.15_1_0167.xml,Charles,Coenraad,Frederik,Fredrik,Frederiks,Gerrit,Egeling,Henderik,Hendrik,Henderiks,Hendriks,Voorts,Martinus,Hovestad,Jacobus,Marijt,Philip,Christian,Christiaan,Pracht,Maasland,Bruin,Bruyn,Frederich,Wiedersheim
NL-HaNA_2.01.15_1_0191.xml,Stokram,Pieter,Peter,Peeters,Andries,Henderik,Hendrik,Henderiks,Hendriks,Gerritsen,Gerritse,Johan,Willem,Wilhelm,Johan(nes),Johannis,Johannes,Johanis,Jans,Cornelis,Cornelus,Corneelis,Corneelus,Chornelus,David,Dirk,Hermanus,Bruin,Bruyn,Ronde,Jager,Haar,Groot,Langen
NL-HaNA_2.01.15_1_0166.xml,Charles,Abraham,Sitter,Roelof,Gerrit,Gerritse,Eyman,Johan(nes),Johannis,Johannes,Johanis,Dupie,Martinus,Leuwen,Leeuwen,Henderik,Hendrik,Henderiks,Hendriks,Jaager,Jager,Stevanus,Stevens,Trissart,Snijder,Bruin,Bruyn,Groot,Ronde,Verwers,Munster,Gerdien,Smit,Smits
NL-HaNA_2.01.15_1_0178.xml,Langen,Gerdien
NL-HaNA_2.01.15_1_0159.xml,Charles,Aard,Wijs,Paptist,Koster,Johan(nes),Johannis,Johannes,Johanis,Thomas,Pieter,Peter,Peeters,Meerbeek,Henderik,Hendrik,Henderiks,Hendriks,Langen,Kranenburg,Bosch,Glaaser,Bruyn,Ronde,Roode,Smit,Smits,Gerdien,Joseph,Jochems,Jacobus,Jacob(us),Dirk,Franscois,Franscis,Rappart,Aalters
NL-HaNA_2.01.15_1_0184.xml,Hermanus,Cornelis,Cornelus,Corneelis,Corneelus,Chornelus,Daniel,Andries,Georg,George,Carel,Wijdeman,Willem,Wilhelm,Pieter,Peter,Peeters,Franscis,Langen,Gerdien,Groot,Blank,Miesen,Miessen,Bruyn,Kinkel,Volkert,Smits,Martinus,Gerar,German
NL-HaNA_2.01.15_1_0186.xml,Charles,Theodorus,Henderiks,Martinus,Johan,Georg,George,Willem,Wilhelm,Jacobus,Jacob(us),Cornelis,Corne???lus,Cornelus,Corneelis,Corneelus,Chornelus,Leenderd,Leendert,Jordan,Gerrit,Gerritse,Bruyn,Blank,Kent,Langen,Jagers,Jager,Vrecht,Haase,Smits,Wervers,Gerdien
NL-HaNA_2.01.15_1_0174.xml,Charles
NL-HaNA_2.01.15_1_0182.xml,Langen,Gerdien
NL-HaNA_2.01.15_1_0168.xml
NL-HaNA_2.01.15_1_0170.xml,Charles
NL-HaNA_2.01.15_1_0153.xml,Charles,Hans,Pieter,Peter,Peeters,Mink,Jurgen,Plas,Geert,Gerhard,Gerhardus,Fonke,Langen,Bruin,Bruyn,Lint,Wervers,Haar
NL-HaNA_2.01.15_1_0173.xml,Johan(nes),Johannis,Johannes,Johanis,Carel,David,Engels
NL-HaNA_2.01.15_1_0185.xml,Cornelis,Cornelus,Corneelis,Corneelus,Chornelus,Kootman,Paptist,Henderik,Hendrik,Hendriks,Henderiks,Ludwich,Ludwig,Ludewig,Jacobus,Jacob,Harme,Hopman,Jansen,Hansen,Gerrit,Gerritse,Toorn,Verwers,Blank,Lint,Bruyn,Langen,Linden,Rouland,Frans,Munster,Dirk,Gerdien
NL-HaNA_2.01.15_1_0154.xml,Kunst,Langen,Gerdien
NL-HaNA_2.01.15_1_0198.xml
NL-HaNA_2.01.15_1_0164.xml,Gerrit,Gerritse,Troost,Carel,Ludewig,Berkenbrink,Jurg,Salomon,Blank,Sateler,Satelaer,Antonius,Antonie,Theodorus,Groenendael,Jacobus,Schetzinger,Tinet,Zeylders,Zeilders,Francis,Frans,Johannis,Johannes,Johanis,Kootman,Langen,Bruin,Bruyn,Charles,Marten,Martin,Geert,Kelder,Ronde
NL-HaNA_2.01.15_1_0194.xml,Adrianus,Cornelis,Cornelus,Corneelis,Corneelus,Chornelus,Jacobus,Dennenberg,Johan,Johanis,Dirk,Ouden,Bruin,Bruyn,Stoel,Ronde,Snijder,Bosch,Smits,Langen,Christian,Christiaan,Jacob(us)
NL-HaNA_2.01.15_1_0179.xml,Joost,Henderik,Hendrik,Henderiks,Hendriks,Kuntz,Kunst,Casper,Langen,Blank,Ronde
NL-HaNA_2.01.15_1_0157.xml,Gerrit,Gerritse,Georg,George,Dekkers,Straaver,Straver,Vrecht,Jacobus,Jacob,Kommer,Cornelis,Cornelus,Corneelis,Corneelus,Chornelus,Stokvis,Hartman,Harmen,Snijder,Munster,Jager,Timmermans,Arend,Bruin,Mink,Meesters,Langen,Gerdien,Pieter,Peter,Peeters,Broosdij,Brooij
NL-HaNA_2.01.15_1_0150.xml,Charles,Langen
NL-HaNA_2.01.15_1_0193.xml,Charles,Evert,Evers,Francis,Frans,Johan,Johanis,Henderik,Hendrik,Hendriks,Wilhelm,Herman,Christian,Christiaan,Disseldorp,Bruyn,Bruin,Ronde,Geert,Wervers,Braun,Langen,Louwe,Kranenburg,Snijder,Gerdien
NL-HaNA_2.01.15_1_0163.xml,Alberts,Albertus,Glaaser,Henderik,Hendrik,Henderiks,Hendriks,Pieter,Peter,Peeters,Pitz,Andries,Dirk,Johan(nes),Johannis,Johannes,Johanis,Thomas,Abraham,Glazer,Daniel,Stein,Steyn,Stevens,Jurgen,Bruin,Langen,Jager,Ronde,Bruyn,Wervers
NL-HaNA_2.01.15_1_0162.xml,Charles,Carel,Ludewig,Berkenbrink,Johan,Johanis,Wilhelm,Adam,Webel,Joseph,Bergh,Palmen,Dirk,Gerritse,Nanne,Schenk,Galle,Bruin,Bruyn,Langen,Smits,Schell,Schehl,Gerdien,Miessen
NL-HaNA_2.01.15_1_0156.xml,Johan(nes),Johannis,Johannes,Johanis,Pfeiffer,Heffer,Pieter,Peter,Peeters,Thomas,Donswijk,Dupie,Henderik,Hendrik,Henderiks,Hendriks,Hopman,Kootman,Coenraad,Frederik,Fredrik,Frederiks,Frederich,Jochems,Willem,Wilhelm,Munster,Bast,Vrecht,Langen,Smit,Smits,Timmermans,Wervers,Bruyn,Krafft,Gerdien,Francis,Frans
NL-HaNA_2.01.15_1_0160.xml,Charles,Johan(nes),Johannis,Johannes,Johanis,Cornelis,Cornelus,Corneelis,Corneelus,Chornelus,Hoorn,Toorn,Jacobus,Jacob,Antonius,Antonie,Mulot,Jong,Arend,Oldermerk,Pieter,Peter,Peeters,Ouden,Hermanus,Kublie,Graaff,Blank,Langen,Stevens,Vrecht,Verwers,Wervers,Gerdien
NL-HaNA_2.01.15_1_0199.xml,Charles
NL-HaNA_2.01.15_1_0161.xml,Charles,Frederiks,Frederich,Wiedersheim,Bernardus,Gerhard,Gerhardus,Arents,Cornelis,Cornelus,Chornelus,Bruin,Bruyn,Frederik,Fredrik,Kramer,Balthazar,Spiegel,Philip,Coenraad,Roelof,Muller,Michiel,Michael,Bolgard,Berg,Bergh,Wilhelm,Blank,Frans,Arend,Langen,Gerdien
NL-HaNA_2.01.15_1_0181.xml,Lambertus,Straaten,Pieter,Peter,Peeters,Nicolas,Nicolaas,Muller,Cornelis,Cornelus,Corneelis,Corneelus,Chornelus,Groot,Bruyn,Blank,Langen
NL-HaNA_2.01.15_1_0152.xml,Langen,Gerdien
NL-HaNA_2.01.15_1_0180.xml,Langen,Gerdien
NL-HaNA_2.01.15_1_0158.xml,Christian,Christiaan,Jagers,Jager,Pieter,Peter,Peeters,Smits,Johan(nes),Johannis,Johannes,Johanis,Philippus,Philip(pus),Reygers,Bikklenberg,Wijs,Stevanus,Hermanus,Kroonen,Abraham,Geert,Bosch,Arend,Miessen,Bruin,Ronde,Gerdien,Langen,Philip,Thijs
NL-HaNA_2.01.15_1_0196.xml,Charles,Willem,Wilhelm,Johan(nes),Johannis,Johannes,Bruin,Ronde,Langen,Dirk
NL-HaNA_2.01.15_1_0188.xml,Charles,Gerhardus,Bernardus,Johan,Johanis,Wervers,Jacobus,Jacob,Muller,Joseph,Godlieb,Frederik,Fredrik,Frederiks,Frederich,Antonius,Antonie,Abraham,Dekkers,Henderik,Hendrik,Henderiks,Hendriks,Braun,Jaager,Glaaser,Miessen,Bruyn,Michael,Langen,Blank,Jager,Arend,Smits
NL-HaNA_2.01.15_1_0197.xml
NL-HaNA_2.01.15_1_0172.xml
NL-HaNA_2.01.15_1_0169.xml,Bergh
NL-HaNA_2.01.15_1_0189.xml,Bernardus,Francis,Frans,Frederik,Fredrik,Frederiks,Frederich,Nicolas,Nicolaas,Johan,Johanis,Georg,George,Joseph,Grieken,Arnoldus,Geert,Langen,Bruyn,Hoofd,Blank,Baron,Miessen
NL-HaNA_2.01.15_1_0248.xml,Willem,Wilhelm,Johan,Muller,Mulder,Johan(nes),Johannis,Johannes,Adam,Hoorn,Toorn,Nannenberg,Bruin,Swaan,Alberts,Koch,Pieter,Peter,Peeters,Pfister,Lodewijk,Carel,Kruseman,Casper,Carspel,Caspel,Charles
NL-HaNA_2.01.15_1_0212.xml,Charles,Gerrit,Gerritse,Welsum,Hubert,Bouman,Korsman,Bosman,Boschman,Matthijs,Mathijs,Giesen,Frederik,Herrold,Herhold,Willem,Wilhelm,Straver,Straven,Gerhard,Gerhardus,Bernardus,Gerardus,Jelle,Zikkes,Heerd,Daniel,Lind,Henkel,Zwart,Brons,Krafft,Neerden,Gerdien
NL-HaNA_2.01.15_1_0203.xml,Charles
NL-HaNA_2.01.15_1_0215.xml,Charles,Hermanus,Wand,Gerrit,Leenhouwer,Johan(nes),Johannis,Johannes,Klinkspaan,Jacobus,Jacob,Dempie,Pieter,Peter,Pfister,Mouwen,Hartman,Harmen,Hardman,Sonderman,Lonterman,Christian,Christiaan,Christieaan,Eyselbach,Vrecht,Hesselaar,Amend,Voogel,Jaager,Zwart,Hans,Neerden,Glaaser,Maan,Jager,Ronde,Wagner
NL-HaNA_2.01.15_1_0242.xml,Charles,Rappart,Henderik,Hendrik,Henderiks,Hendriks,Henderiksen,Hend(e)rik,Henderikse,Boom,Lourens,Laurens,Gervais,Gerrard,Nicolas,Nicolaas,Willem,Wilhelm,Peter,Burg,Hameyer,Leendert,Lessen,Land,Geert,Kooning,Bruin,Zwart,Hagen,Lint,Groot,Mangnez,Liets
NL-HaNA_2.01.15_1_0217.xml,Lampen,Henderik,Hendrik,Henderiksen,Hendriks,Hend(e)rik,Henderikse,Overman,Christian,Christiaan,Christieaan,Gruwell,Johan,Michel,Michael,Spiegel,Riegel,Georg,George,Solders,Molder,Mulder,Schwaan,Schreuder,Schneider,Scheidelar,Frantz,Frans,Herrold,Herhold,Lessen,Munster,Prinsen,Cornelus,Corneelis,Corneelus,Chornelus,Chorneelus,Verschoor,Neerden,Zwart,Swaan
NL-HaNA_2.01.15_1_0223.xml,Charles,Arie,Flama,Bart,Limbach,Ludewig,Ludwig,Kempfer,Henderik,Hendrik,Hendriksen,Hendriks,Hend(e)rik,Henderikse,Fuchten,Pijlen,Jacob,Hartman,Hulsman,Halman,Hardman,Bender,Wenders,Johan,Daniel,Landauw,Neerden,Rouland,Hoogland,Bruin,Prinsen,Anderis,Geert,Georg,George,Gros,Hagen,Bruno,Brouwer,Zwart,Molder,Fonke
NL-HaNA_2.01.15_1_0244.xml,Charles,Johan,Frans,Hendriks,Arend,Amend,Teunis,Theunis,Vries,Hornish,Harnig,Zwart,Bergh,Kroonen,Smit,Smits,Brand,Bruin,Alberts,Wijk,Abbelen
NL-HaNA_2.01.15_1_0224.xml,Charles,Jacobus,Jacob(us),Enden,Engen,Engel,Doris,Goris,Heuvel,Sebastian,Weninger,Lind,Cornelis,Cornelus,Chorneelus,Bruin,Arie,Roest,Henk,Bosch,Haar,Brouwer,Bruno,Leeuwen,Zwart,Hagen,Schmit,Johan(nes),Johannis,Johannes,Bengel
NL-HaNA_2.01.15_1_0222.xml,Empel,Schwaan,Adam,Cramer,Johan(nes),Johannis,Johannes,Hubert,Nicolas,Nicolaas,Roest,Kwak,Alberts,Elbert,Albertus,Albert,Vette,Meesters,Meysters,Henderik,Hendrik,Hendriksen,Hend(e)rik,Henderikse,Hendriks,Kootman,Koopman,Korsman,Hagen,Bruin,Brouwer,Engels,Engen,Engel,Geursen,Aalters,Jacob
NL-HaNA_2.01.15_1_0228.xml,Anderis
NL-HaNA_2.01.15_1_0240.xml
NL-HaNA_2.01.15_1_0201.xml,Charles
NL-HaNA_2.01.15_1_0249.xml,Charles,Hermanus,Philip,Oostveen,Johan(nes),Johannis,Johannes,Fransiekus,Fransciscus,Franciscus,Franchiscus,Hendriks,Lampen,Smit,Geert,Zwart,Brouwer,Spelt,Bruin,Henderik,Hendrik,Hendriksen,Hend(e)rik,Henderikse,Kösterman,Groot,Niets
NL-HaNA_2.01.15_1_0206.xml,Jacobus,Jacob,Engen,Engel,Groenendael,Groeneveld,Richardus,Johan(nes),Johannis,Johannes,Vreedeveld,Naagel,Zwart,Bruin,Brouwer,Weyts,Groot,Hagen,Gerrit,Muller,Mulder,Molder
NL-HaNA_2.01.15_1_0241.xml,Charles,Henderik,Hendrik,Henderiksen,Hendriks,Hend(e)rik,Henderikse,Johan(nes),Johannis,Johannes,Casper,Caspel,Carspel,Fransiekus,Johan,Walter,Wachter,Willem,Stukkers,Zwart,Land,Lampen,Philip,Reyersberg,Hermanus,Schaik,Michel,Bruin
NL-HaNA_2.01.15_1_0202.xml,Adrianus,Speelman,Hoogland
NL-HaNA_2.01.15_1_0230.xml,Charles
NL-HaNA_2.01.15_1_0237.xml,Charles,Johan,Joost,Mink,Adam
NL-HaNA_2.01.15_1_0225.xml,Charles,Theodorus,Ronteltop,Godart,Philip,Cornelis,Cornelus,Chorneelus,Hee(c)keren,Walien,Pieter,Peter,Peterus,Arend,Amend,Wouter,Leeuwen,Willem,Wilhelm,Twout,Bruin,Smit,Haar,Hagen,Roussel,Henderik,Hendrik,Hendriksen,Hendriks,Hend(e)rik,Henderikse,Stevens,Stevanus
NL-HaNA_2.01.15_1_0235.xml,Johan(nes),Johannis,Johannes,Johan,Philip,Eerhard,Giesen,Brouwer,Gerar,Liets
NL-HaNA_2.01.15_1_0247.xml,Charles,Johan(nes),Johannis,Johannes,Gerrit,Willem,Wilhelm,Pieter,Peter,Pfister,Schuurmans,Schurman,Johan,Georg,George,Francis,Frans,Andries,Andreas,Swaan,Schwaan,Heerd,Matheis,Zwart,Bruin,Maan
NL-HaNA_2.01.15_1_0245.xml,Charles,Henderik,Hendrik,Henderiksen,Hendriks,Hend(e)rik,Henderikse,Pieter,Peter,Pfister,Dijk,Johan,Willem,Wilhelm,Meijjer,Johan(nes),Johannis,Johannes,Philippus,Philip(pus),Hermanus,Vette,Neerden,Bruin,Haar,Badings
NL-HaNA_2.01.15_1_0243.xml,Charles,Bosman,Boschman,Korsman,Henderik,Hendrik,Henderiksen,Hendriks,Hend(e)rik,Henderikse,Willem,Wilhelm,Dirk,Johan(nes),Johannis,Johannes,Groenewout,Pieter,Peterus,Jacobus,Jacob,Pracht,Snijder,Zwart,Heerd,Glaaser,Groot,Bruin,Meyer,Meer
NL-HaNA_2.01.15_1_0226.xml
NL-HaNA_2.01.15_1_0205.xml
NL-HaNA_2.01.15_1_0209.xml
NL-HaNA_2.01.15_1_0238.xml
NL-HaNA_2.01.15_1_0221.xml,Charles,Johan(nes),Johannis,Johannes,Peelen,Henderik,Hendrik,Hendriksen,Hendriks,Hend(e)rik,Henderikse,Waltz,Jacob,Halman,Fussel,Roussel,Bernardus,Gerhardus,Gerardus,Brouwer,Henderiksen,Scheidelar,Mathijs,Giesen,Casper,Caspel,Carspel,Benjamin,Bejamin,Haaring,Hagen,Engelhard,Engelander,Bruin,Zwart,Toorn
NL-HaNA_2.01.15_1_0208.xml,Lambertus,Geerling,Richardus,Johan(nes),Johannis,Johannes,Groeneveld,Krieger,Bruin,Brouwer,Zwart,Limbach
NL-HaNA_2.01.15_1_0229.xml,Charles,Pieter,Peter,Pfister,Mangnez,Lijden,Anderis
NL-HaNA_2.01.15_1_0213.xml,Charles,Benjamin,Bejamin,Hamming,Haaring,Caspel,Carspel,Johan(nes),Johannis,Johannes,Nannenberg,Peelen,Bengel,Diephof,Gerrard,Eerhard,Casper,Ravens,Dick,Jacobus,Jacob,Halfweg,Wilhelm,Spronsen,Toorn,Kuyper,Zwart,Liets,Alberts
NL-HaNA_2.01.15_1_0227.xml,Charles,Johan,Bruno,Brunis,Groin,Christian,Christiaan,Christieaan,Marchand,Prinsen,Frederik,Fredrich,Baeden,Oestenberg,Anderis,Leeuwen
NL-HaNA_2.01.15_1_0246.xml,Charles,Joseph,Laurens,Henderik,Hendrik,Henderiksen,Hendriks,Hend(e)rik,Henderikse,Mendel,Anthony,Antonie,Cornelis,Cornelus,Chorneelus,Smit,Lambertus,Geerling,Hermanus,Heiden,Hardman,Scheepens,Timmermans,Zwart,Swaan,Groin,Wenders,Bender,Hagen,Korst,Galle,Harmen,Walter,Johan,Christoffel,Christoffer
NL-HaNA_2.01.15_1_0239.xml,Philip,Coenraad,Zwart,Linden,Bruin,Liets
NL-HaNA_2.01.15_1_0210.xml,Charles,Gerrit,Jacobus,Jacob,Enden,Engen,Engel,Lind,Gerrard,Bernardus,Eerhard,Haller,Waltz,Bruin
NL-HaNA_2.01.15_1_0204.xml,Charles,Gerrit,Lambertus,Geerling,Bruin,Brouwer
NL-HaNA_2.01.15_1_0207.xml
NL-HaNA_2.01.15_1_0231.xml,Charles,Andries,Anderis,Roussel,Donswijk
NL-HaNA_2.01.15_1_0218.xml,Charles,Godlieb,Godliep,Godlip,Flachmuller,Coenraad,Hartman,Hardman,Frans,Frantz,Antoon,Anthon,Antoony,Keuchemeester,Georg,George,Holijn,Ludolph,Adolph,Meijjer,Johan,Outh,Niets,Liets,Jacobus,Jacob,Muller,Mulder,Zwart,Hagen,Amend,Swaan,Wijlsink,Lessen
NL-HaNA_2.01.15_1_0219.xml,Johan(nes),Johannis,Johannes,Schenk,Schenck,Allée,Pieter,Peter,Pfister,Schurman,Jacobus,Jacob,Holleman,Cornelis,Cornelus,Chorneelus,Toorn,Daniel,Lind,Hermanus,Palm,Heerd,Georg,George,Groot,Wolff,Swaan,Neerden,Schwaan,Blok,Johan,Willem,Wilhelm
NL-HaNA_2.01.15_1_0211.xml
NL-HaNA_2.01.15_1_0236.xml,Gelderen
NL-HaNA_2.01.15_1_0233.xml,Charles,Hermanus,Bruin,Zwart,Swennen,Liets,Harms
NL-HaNA_2.01.15_1_0220.xml,Willem,Wilhelm,Theunis,Teunis,Straven,Straver,Deenekamp,Fredrich,Herrold,Herhold,Johan,Baarlach,Hubert,Boschman,Frantz,Nieuwpoort,Vries,Jagers,Hagen,Ouden,Bornschein,Brouwer,Bruin,Prinsen,Zwart
NL-HaNA_2.01.15_1_0216.xml,Charles,Alberts,Egbert,Elbet,Elbert,Albert,Henderik,Hendriksen,Henderiksen,Hendriks,Henderikse,Hendrik,Hend(e)rik,Philip,Schott,Waltz,Abraham,Stokram,Storm,Jacobus,Jacob,Dijk,Thoon,Hansen,Jansen,Neerden,Nicolas,Nicolaas,Kemp,Gerrit,Kempen,Kempfer,Toorn,Zwart,Hoeven
NL-HaNA_2.01.15_1_0234.xml
NL-HaNA_2.01.15_1_0214.xml,Henderik,Hendrik,Henderiksen,Hendriks,Hend(e)rik,Henderikse,Koopman,Korsman,Jacobus,Jacob,Gaalen,Daalen,Johan(nes),Johannis,Johannes,Haak,Hermanus,Palm,Brinkman,Koremans,Jeroen,Zeeman,Johan,Broederhard,Groot,Schwaan,Zwart,Glaaser,Bruin,Pfister,Mentink,Bekkink
NL-HaNA_2.01.15_1_0232.xml,Anderis
NL-HaNA_2.01.15_1_0200.xml,Charles,Johan,Christian,Christiaan,Christieaan,Marchand,Leeuwen,Joost,Bast
NL-HaNA_2.01.15_1_0273.xml,Charles,Dirk,Dirks,Pieter,Peter,Pfister,Pieters,Fritzam,Francis,Frans,Gervais,Servaas,Mansveld,Arnoldus,Gorcum,Robertson,Christoffer,Christoffel,Prinsen,Henderik,Hendrik,Henderiksen,Hendriks,Hend(e)rik,Henderikse,Haar,Buuren,Reepmaaker,Sanden,Bruin,Korst,Arend,Zwart,Schouten,Wieno,Hendriksen,Hendrikus,Kerchnar
NL-HaNA_2.01.15_1_0271.xml,Wieno
NL-HaNA_2.01.15_1_0278.xml,Charles,Dirk,Dirks,Jong,Henderik,Hendrik,Henderiksen,Hend(e)rik,Haller,Stiller,Frederik,Frederikus,Friederich,Fredrik,Frederich,Frederikse,Metzker,Johan(nes),Johannis,Johannes,Molder,Muller,Mulder,Nannenberg,Staalenberg,Bernard(us),Gerhardus,Gerardus,Bernardus,Buuren,Pieter,Peter,Pieters,Schoute,Schouten,Berkmans,Herman,Hermanus,Hermann,Hermans,Smol,Joseph,Geel,Passeur,Maanen,Zwart,Swaan,Piet,Schwaan,Arend,Wieno
NL-HaNA_2.01.15_1_0274.xml,Paptist,Pabtist,Verhaar,Willem,Wilhelm,Willemse,Nicolas,Nicolaas,Reygers,Eegers,Dool,Lambertus,Lambregt,Lambert,Haar,Gerrit,Maaren,Maanen,Jansen,Steffedak,Panster,Lijden,Paridon,Buuren,Zelder,Kelder,Land,Hameyer,Berlijn,Manis,Arend,Wieno,Christian,Christiaan,Christieaan,Stuppert
NL-HaNA_2.01.15_1_0270.xml,Jans,Charles,Henderik,Hendrik,Henderiksen,Hend(e)rik,Martinus,Marienes,Martienus,Marinus,Hagen,Kurth,Franscis,Wieno,Jegleeven,Johan,Frederik,Fredrich,Frederikus,Frederich,Friederich,Frederikse,Eerhard,Murhard,Erhard,Hartman,Zwart,Liven,Walien,Wilkens
NL-HaNA_2.01.15_1_0262.xml
NL-HaNA_2.01.15_1_0253.xml,Charles,Pieter,Peter,Pieters,Gijsbert,Gijsbertus,Straaten,Straven,Halberstad,Gerardus,Gerhardus,Bernardus,Alberts,Albertus,Schor,Andreas,Andries,Bietz,Dietz,Henderik,Hendrik,Hendriksen,Hendrikus,Hend(e)rik,Glasenaar,Glaasenaar,Johan(nes),Johannis,Johannes,Wijtman,Baltus,Maaren,Zwart,Leeuw,Heerd,Frekede,Trekede,Symen
NL-HaNA_2.01.15_1_0256.xml
NL-HaNA_2.01.15_1_0263.xml,Charles,Dietrich,Philip,Philipus,Kieken,Goris,Liets,Wieno
NL-HaNA_2.01.15_1_0265.xml,Charles,Johan(nes),Johannis,Johannes,Wenders,Bender,Henderik,Hendrik,Hendriksen,Hend(e)rik,Hendrikus,Smits,Doris,Kerne,Johan,Schoenmaker,Harlem,Maan,Cramer,Brouwer,Zwart,Neerden,Meyer,Nanne,Alberts,Elbert,Albert,Wieno,Henderiksen,Smit
NL-HaNA_2.01.15_1_0275.xml,Charles,Daniel,Zelder,Kelder,Willemse,Passeur,Francis,Frans,Nieuwpoort,Niepoot,Nicolas,Nicolaas,Toorn,Alberts,Schouten,Dekkers,Anderis,Schepper,Pijlen,Martinus,Marten,Martin,Meijjer,Panster,Wieno,Smits,Matheis,Willem,Wilhelm,Evert,Menne,Frederik,Frederikus,Fredrik,Frederich,Friederich,Frederikse,Steenbeek,Steenmees
NL-HaNA_2.01.15_1_0251.xml,Fuchten,Blokhuysen,Cornelis,Cornelus,Chorneelus,Gerrit,Vink,Casper,Caspel,Carspel,Martinus,Martienus,Marinus,Peereboom,Anthonie,Antonie,Zeilders,Zelder,Rietveld,Fransiekus,Franciskus,Henrikus,Hendrikus,Hertzen,Maaren,Charles,Smit,Smits,Paridon,Pieter,Pieters,Schouten,Zwart,Bruno,Braun,Maanen,Hermanus,Hermann,Hermans,Sluiterman,Sluydermans,Roussel,Gerretsen,Geursen
NL-HaNA_2.01.15_1_0264.xml,Wieno
NL-HaNA_2.01.15_1_0276.xml,Johan,Frederik,Frederikus,Fredrik,Frederich,Friederich,Frederikse,Mees,Meles,Theodorus,Groenendaals,Antonius,Antonie,Plomp,Willem,Wilhelm,Willemse,Marschalkerwaart,Buuren,Kelder,Zelder,Wieno,Zwart,Helmert,Lambert,Schouten,Hubert,Volkert,Zander,Cornelis,Cornelus,Graaff,Graaf,Coenraat,Flint,Lambertus,Maurik,Hermanus,Hermann,Hermans,Markus,Marcus,Marinus,Mulder,Gerrard
NL-HaNA_2.01.15_1_0258.xml,Harme
NL-HaNA_2.01.15_1_0285.xml
NL-HaNA_2.01.15_1_0283.xml,Charles,Henderik,Hendrik,Hendriksen,Hend(e)rik,Hendrikus,Kouland,Winter,Bernardus,Andreas,Andries,Essen,Harlem,Alberts,Albertus,Albert,Berlijn,Gerardus,Gerhardus,Kommer,Sommer,Cornelis,Cornelus,Wentholt,Johannis,Johannes,Hermanus,Servaas,Hermann,Hermans,Muller,Mulder,Johan(nes),Bruno,Schouten,Manus,Geert,Zwart,Pieter,Pieters
NL-HaNA_2.01.15_1_0281.xml,Cornelis,Cornelus,Bergh,Siemon,Simon,Grey,Pieter,Peter,Peterus,Pieters,Castemulder,Castenmulder,Petrus,Schoute,Schouten,Antonius,Antonie,Anthonie,Hartman,Herman,Heyman,Overman,Hardman,Meerman,Hermanus,Hermann,Hermans,Wilkens,Jacob,Andriola,Panster,Boudewijn,Smits,Zwart,Groot,Bruno,Maanen
NL-HaNA_2.01.15_1_0259.xml,Pabtist,Maanen,Hubert,Lourens,Boschman,Henderik,Hendrik,Hendriksen,Hend(e)rik,Hendrikus,Sueur,Pieter,Peter,Pieters,Ginsberg,Hensbergen,Hensberg
NL-HaNA_2.01.15_1_0250.xml,Hermanus,Hermann,Hermans,Schaik,Broek,Andreas,Andries,Kenner,Cornelis,Cornelus,Koning,Kooning,Goorissen,Bartholomeus,Ruppert,Roppert,Stuppert,Lessen,Smit,Smits,Zwart,Verwers,Wervers,Maaren,Schouten,Jacobus,Eysden,Casper,Caspel,Lenz
NL-HaNA_2.01.15_1_0261.xml,Charles,Wouter,Vars(s)eveld,Gerrard,Casper,Caspel,Ravens
NL-HaNA_2.01.15_1_0267.xml,Wieno
NL-HaNA_2.01.15_1_0268.xml,Charles,Pieter,Sitter,Pieters,Brugel,Breugel,Johan,Justus,Menkel,Henkel,Caspel,Smits,Bruno,Labrand,Gerrard,Wieno
NL-HaNA_2.01.15_1_0257.xml,Pieter,Peter,Pieters,Frederik,Frederikus,Fredrik,Frederich,Friederich,Frederikse,Hubert,Sanden,Andreas,Andries
NL-HaNA_2.01.15_1_0255.xml,Kranenburg,Oestenberg,Maaren,Johan,Godlieb,Godliep,Grauslich,Bosman,Korsman,Henderik,Hendrik,Hendriksen,Hend(e)rik,Hendrikus,Carl,Carel,Schwartz,Frijsberg,Jacobus,Jacob,Andreas,Andries,Kenner,Randwijk,Willem,Wilhelm,Willemse,Cornelis,Cornelus,Henrikus,Zwart,Frekede,Trekede
NL-HaNA_2.01.15_1_0277.xml,Charles,Johan(nes),Johannis,Johannes,Rang,Christian,Christiaan,Christieaan,Pelser,Felser,Telser,Ruppert,Roppert,Verplak,Henderik,Hendrik,Henderiksen,Hend(e)rik,Bender,Rosselet,Pieter,Peter,Pieters,Frederik,Frederikus,Frederikse,David,Bernhard,Carel,Enden,Arend,Zwart,Schouten,Wieno
NL-HaNA_2.01.15_1_0287.xml
NL-HaNA_2.01.15_1_0266.xml,Wieno
NL-HaNA_2.01.15_1_0252.xml,Charles,Gerrard,Bernardus,Bernhard,Johan(nes),Johannis,Johannes,Engen,Engel,Budenbender,Antonius,Antonie,Anthonie,Muller,Mulder,Dirksen,Dirks,Henderik,Hendrik,Hendriksen,Hendrikus,Hend(e)rik,Meerman,Willem,Wilhelm,Willemse,Westhoff,Cornelis,Cornelus,Zwart,Frederich,Friederich,Chastillong,Jacobus,Jacob,Leeuw,Kleeber,Maanen,Schouten,Paridon,Wieno
NL-HaNA_2.01.15_1_0282.xml,Martinus,Martienus,Marinus,Klerck,Gerardus,Gerhardus,Bernardus,Spleis,Meeles,Meles,Hattem,Gerrit,Pothuise,Johannis,Johannes,Frederik,Abram,Abraham,Fitzner,Arie,Verhoeve,Zwart,Smits,Kerne,Leeuw,Maaren,Schwartz,Buuren,Wijk,Mathijs,Matheis,Poelemans,Johan(nes)
NL-HaNA_2.01.15_1_0279.xml,Johan(nes),Johannis,Johannes,Kleeber,Bastiaan,Bantieaan,Geissel,Johan,Nicolas,Nicolaas,Weydeman,Joseph,Castemulder,Castenmulder,Christian,Christiaan,Christieaan,Smits,Martinus,Martienus,Marinus,Emmerich,Callanay,Seije,Noteboom,Nootenboom,Groot,Smit,Kouland,Bergh,Hubert,Gros,Brand,Zwart,Matheis,Frekede,Wieno,Trekede,Hinck
NL-HaNA_2.01.15_1_0284.xml,Christian,Christiaan,Christieaan,Felser,Telser,Bartelet,Matheis,Brons,Cornelis,Cornelus,Zwart
NL-HaNA_2.01.15_1_0280.xml,Cornelis,Cornelus,Zonsbeek,Lambertus,Lanbertus,Lambert,Smits,David,Hoeberd,Adam,Solders,Snelders,Hermanus,Hermann,Hermans,Muller,Mulder,Hulscher,Dirk,Dirks,Berg,Bergh,Johannis,Johannes,Johan(nes),Wieno,Paridon,Zwart,Bruno,Haar
NL-HaNA_2.01.15_1_0269.xml,Wieno
NL-HaNA_2.01.15_1_0272.xml,Charles,Johan(nes),Johannis,Johannes,Joseph,Castemulder,Castenmulder,Johan,Henderik,Hendrik,Henderiksen,Hend(e)rik,Post,Bernardus,Honsteeden,Lambertus,Lanbertus,Lambert,Smits,Cornelis,Cornelus,Renkum,Christoffer,Christoffel,Meyer,Noteboom,Nootenboom,Carel,Passeur,Schouten,Zelder,Kelder,Brand,Leersum,Leeuw,Wieno,Zwart,Gerrit,Lill
NL-HaNA_2.01.15_1_0286.xml
NL-HaNA_2.01.15_1_0260.xml
NL-HaNA_2.01.15_1_0254.xml,Charles,David,Markmeyer,Philippus,Philipus,Groot,Adrianus,Groenewoud,Groenewout,Willem,Wilhelm,Willemse,Artz,Johan,Daniel,Landauw,Georg,George,Jacobus,Jacob,Buchner,Johan(nes),Johannis,Johannes,Hermanus,Hermann,Hermans,Kerkhoff,Niets,Leeuw,Verhoeff,Zwart,Smit,Smits
